Familia,Taxa,Ingles,Español,Species
Tinamidae,,,,
,Crypturellus cinnamomeus,Thicket Tinamou,"Tinamú Canelo (Gallina de monte, Gongolona, Perdiz)",Thicket Tinamou
Anatidae,,,,
,Dendrocygna autumnalis,Black-bellied Whistling-Duck,"Pijije Común (Piche, Quichichi, Pichichi)",Black-bellied Whistling-Duck
,Cairina moschata,Muscovy Duck,Pato Real (Pato Perulero),Muscovy Duck
,Spatula discors,Blue-winged Teal,"Cerceta Aliazul (Pato Canadiense, Zarceta, Carraco)",Blue-winged Teal
,Spatula clypeata,Northern Shoveler,Pato Cuchara (Carraco),Northern Shoveler
Cracidae,,,,
,Ortalis vetula,Plain Chachalaca,Chachalaca Olivácea (Chachalaca),Plain Chachalaca
,Penelope purpurascens,Crested Guan,Pava Crestada (Pava Granadera),Crested Guan
,Crax rubra,Great Curassow,"Pavón Grande (Pavón, Granadera)",Great Curassow
Odontophoridae,,,,
,Colinus cristatus,Crested Bobwhite,Codorniz Crestada (Codorniz de Monte),Crested Bobwhite
Podicipedidae,,,,
,Tachybaptus dominicus,Least Grebe,Zambullidor Enano,Least Grebe
Columbidae,,,,
,Patagioenas cayennensis,Pale-vented Pigeon,Paloma Colorada (Paloma Morada),Pale-vented Pigeon
,Patagioenas speciosa,Scaled Pigeon,Paloma Escamosa (Paloma Morada),Scaled Pigeon
,Patagioenas flavirostris,Red-billed Pigeon,Paloma Piquirroja (Paloma Morada Común),Red-billed Pigeon
,Patagioenas fasciata,Band-tailed Pigeon,Paloma Collareja,Band-tailed Pigeon
,Patagioenas nigrirostris,Short-billed Pigeon,"Paloma Piquicorta (Paloma Morada, Dos-tontos-son)",Short-billed Pigeon
,Columbina inca,Inca Dove,"Tortolita Colilarga (San Juan, Tórtola)",Inca Dove
,Columbina passerina,Common Ground Dove,"Tortolita Común (Tortolita, Palomita)",Common Ground Dove
,Columbina minuta,Plain-breasted Ground Dove,"Tortolita Menuda (Tortolita, Conchita)",Plain-breasted Ground Dove
,Columbina talpacoti,Ruddy Ground Dove,"Tortolita Rojiza (Tortolita, Palomita Colorada)",Ruddy Ground Dove
,Claravis pretiosa,Blue Ground Dove,Tortolita Azulada,Blue Ground Dove
,Leptotila verreauxi,White-tipped Dove,"Paloma Coliblanca (Coliblanca, Yuré)",White-tipped Dove
,Leptotila cassinii,Gray-chested Dove,Paloma Pechigrís (Yuré),Gray-chested Dove
,Leptotila plumbeiceps,Gray-headed Dove,Paloma Coronigrís (Yuré),Gray-headed Dove
,Zenaida asiatica,White-winged Dove,Paloma Aliblanca (Arrocera),White-winged Dove
,Zenaida macroura,Mourning Dove,Paloma Rabuda,Mourning Dove
Cuculidae,,,,
,Crotophaga sulcirostris,Groove-billed Ani,"Garrapatero Piquiestriado (Tijo, Tinco, Zopilotillo)",Groove-billed Ani
,Morococcyx erythropygus,Lesser Ground-Cuckoo,Cuclillo Sabanero (Horero),Lesser Ground-Cuckoo
,Piaya cayana,Squirrel Cuckoo,"Cuco Ardilla (Bobo Chiso, Cacao, San Miguel)",Squirrel Cuckoo
,Coccyzus minor,Mangrove Cuckoo,Cuclillo de Antifaz,Mangrove Cuckoo
Caprimulgidae,,,,
,Chordeiles acutipennis,Lesser Nighthawk,Añapero Menor (Gavilán),Lesser Nighthawk
,Chordeiles minor,Common Nighthawk,Añapero Zumbón,Common Nighthawk
,Nyctidromus albicollis,Common Pauraque,"Tapacaminos Común (Cuyeo, Pucuyo)",Common Pauraque
,Antrostomus carolinensis,Chuck-will's-widow,Chotacabras de Paso,Chuck-will's-widow
Nyctibiidae,,,,
,Nyctibius grandis,Great Potoo,"Nictibio Grande (Pájaro Estaca, Leona, Bruja)",Great Potoo
,Nyctibius jamaicensis,Northern Potoo,"Nictibio Norteño (Pájaro Estaca, Gozona)",Northern Potoo
Apodidae,,,,
,Streptoprocne zonaris,White-collared Swift,Vencejón Collarejo (Golondrón),White-collared Swift
,Chaetura vauxi,Vaux's Swift,Vencejo Común,Vaux's Swift
Trochilidae,,,,
,Florisuga mellivora,White-necked Jacobin,Jacobino Nuquiblanco,White-necked Jacobin
,Phaethornis striigularis,Stripe-throated Hermit,Ermitaño Enano,Stripe-throated Hermit
,Anthracothorax prevostii,Green-breasted Mango,Colibrí Manguito Pechiverde,Green-breasted Mango
,Heliomaster constantii,Plain-capped Starthroat,Colibrí Pochotero,Plain-capped Starthroat
,Archilochus colubris,Ruby-throated Hummingbird,Colibrí Garganta de Rubí,Ruby-throated Hummingbird
,Cynanthus canivetii,Canivet's Emerald,Esmeralda Rabihorcada,Canivet's Emerald
,Phaeochroa cuvierii,Scaly-breasted Hummingbird,Colibrí Pechiescamado,Scaly-breasted Hummingbird
,Saucerottia cyanura,Blue-tailed Hummingbird,Colibrí Coliazul (Gorrión),Blue-tailed Hummingbird
,Amazilia rutila,Cinnamon Hummingbird,Colibrí Canelo (Gorrión),Cinnamon Hummingbird
,Amazilia tzacatl,Rufous-tailed Hummingbird,Colibrí Rabirrufo (Gorrión),Rufous-tailed Hummingbird
,Chlorestes eliciae,Blue-throated Goldentail,Colibrí Colidorado,Blue-throated Goldentail
Rallidae,,,,
,Aramides axillaris,Rufous-necked Wood-Rail,Rascón Cuellirrufo,Rufous-necked Wood-Rail
,Aramides albiventris,Russet-naped Wood-Rail,Rascón Pomponé,Russet-naped Wood-Rail
,Porzana carolina,Sora,Polluela Sora,Sora
,Fulica americana,American Coot,Focha Americana,American Coot
,Porphyrio martinicus,Purple Gallinule,"Gallareta Morada (Polla de Agua, Gallina de Agua, Calamón Morada)",Purple Gallinule
,Hapalocrex flaviventer,Yellow-breasted Crake,Polluela Pechiamarilla,Yellow-breasted Crake
Aramidae,,,,
,Aramus guarauna,Limpkin,Carao (Correa),Limpkin
Burhinidae,,,,
,Hesperoburhinus bistriatus,Double-striped Thick-knee,Alcaraván Americano (Alcaraván),Double-striped Thick-knee
Recurvirostridae,,,,
,Himantopus mexicanus,Black-necked Stilt,Cigüeñuela Cuellinegro (Soldadito),Black-necked Stilt
Haematopodidae,,,,
,Haematopus palliatus,American Oystercatcher,Ostrero Americano,American Oystercatcher
Charadriidae,,,,
,Pluvialis squatarola,Black-bellied Plover,Chorlito Gris,Black-bellied Plover
,Vanellus chilensis,Southern Lapwing,Chorlitazo Sureño (Avefría),Southern Lapwing
,Anarhynchus collaris,Collared Plover,Chorlitejo Collarejo (Turillo),Collared Plover
,Anarhynchus nivosus,Snowy Plover,"Chorlitejo Patinegro (Chorlito, Turillo)",Snowy Plover
,Anarhynchus wilsonia,Wilson's Plover,"Chorlitejo Picudo (Chorlito Gritón, Turillo)",Wilson's Plover
,Charadrius semipalmatus,Semipalmated Plover,"Chorlitejo Semipalmado (Chorlito, Turillo)",Semipalmated Plover
,Charadrius vociferus,Killdeer,"Chorlitejo de Dos Collares (Pijije, Tildío)",Killdeer
Jacanidae,,,,
,Jacana spinosa,Northern Jacana,"Jacana Centroamericana (Cirujano, Gallito de Agua, Mulita, Yegüita)",Northern Jacana
Scolopacidae,,,,
,Numenius phaeopus,Whimbrel,"Zarapito Trinador (Cherelá, Zarceta)",Whimbrel
,Limnodromus griseus,Short-billed Dowitcher,Agujeta Común,Short-billed Dowitcher
,Actitis macularius,Spotted Sandpiper,"Andarríos Maculado (Alzacolita, Piririza, Tigüiza)",Spotted Sandpiper
,Tringa solitaria,Solitary Sandpiper,Andarríos Solitario (Tigüiza),Solitary Sandpiper
,Tringa flavipes,Lesser Yellowlegs,"Patiamarillo Menor (Pijije, Zarceta)",Lesser Yellowlegs
,Tringa semipalmata,Willet,Pigüilo,Willet
,Tringa melanoleuca,Greater Yellowlegs,"Patiamarillo Mayor (Correlimos Grande, Pijije, Zarceta)",Greater Yellowlegs
,Arenaria interpres,Ruddy Turnstone,Vuelvepiedras Rojizo,Ruddy Turnstone
,Calidris canutus,Red Knot,Correlimos Grande,Red Knot
,Calidris alba,Sanderling,Playero Arenero,Sanderling
,Calidris minutilla,Least Sandpiper,"Correlimos Menudo (Patudo, Becacina)",Least Sandpiper
,Calidris mauri,Western Sandpiper,"Correlimos Occidental (Patudo, Becacina)",Western Sandpiper
,Calidris pusilla,Semipalmated Sandpiper,Correlimos Semipalmado,Semipalmated Sandpiper
Laridae,,,,
,Xema sabini,Sabine's Gull,Gaviota de Sabine,Sabine's Gull
,Leucophaeus atricilla,Laughing Gull,Gaviota Reidora,Laughing Gull
,Chlidonias niger,Black Tern,Charrancito Negro,Black Tern
,Sterna hirundo,Common Tern,Charrán Común,Common Tern
,Thalasseus sandvicensis,Sandwich Tern,Pagaza Puntiamarilla,Sandwich Tern
,Thalasseus elegans,Elegant Tern,Pagaza Elegante,Elegant Tern
,Thalasseus maximus,Royal Tern,Pagaza Real,Royal Tern
Eurypygidae,,,,
,Eurypyga helias,Sunbittern,"Garza del Sol (Sol y Luna, Ave Canasta)",Sunbittern
Ciconiidae,,,,
,Mycteria americana,Wood Stork,"Cigüeñón (Garzón, Guairón, Cigüeña)",Wood Stork
Fregatidae,,,,
,Fregata magnificens,Magnificent Frigatebird,"Rabihorcado Magno (Tijereta, Fragata, Zopilote de Mar)",Magnificent Frigatebird
Sulidae,,,,
,Sula leucogaster,Brown Booby,"Piquero Moreno (Monjita, Alcatraz)",Brown Booby
,Sula dactylatra,Masked Booby,Piquero Blanco,Masked Booby
,Sula nebouxii,Blue-footed Booby,Piquero Patiazul,Blue-footed Booby
Anhingidae,,,,
,Anhinga anhinga,Anhinga,Aninga (Pato Aguja),Anhinga
Phalacrocoracidae,,,,
,Nannopterum brasilianum,Neotropic Cormorant,"Cormorán Neotropical (Pato Chancho, Pato de Agua, Bigua)",Neotropic Cormorant
Pelecanidae,,,,
,Pelecanus occidentalis,Brown Pelican,"Pelícano Pardo (Buchón, Pelícano, Alcatraz)",Brown Pelican
Ardeidae,,,,
,Tigrisoma mexicanum,Bare-throated Tiger-Heron,"Garza-Tigre Cuellinuda (Garzón, Martín Peña, Pájaro Vaco)",Bare-throated Tiger-Heron
,Tigrisoma fasciatum,Fasciated Tiger-Heron,"Garza-Tigre de Río (Martín Peña, Pájaro Vaco)",Fasciated Tiger-Heron
,Cochlearius cochlearius,Boat-billed Heron,"Pico Cuchara (Chocuaco, Cuaca)",Boat-billed Heron
,Nyctanassa violacea,Yellow-crowned Night Heron,Martinete Cabecipinto,Yellow-crowned Night Heron
,Nycticorax nycticorax,Black-crowned Night Heron,Martinete Coroninegro (Chocuaca),Black-crowned Night Heron
,Egretta caerulea,Little Blue Heron,Garceta Azul (Garza Negra),Little Blue Heron
,Egretta tricolor,Tricolored Heron,Garceta Tricolor,Tricolored Heron
,Egretta rufescens,Reddish Egret,Garceta Rojiza,Reddish Egret
,Egretta thula,Snowy Egret,Garceta Nivosa,Snowy Egret
,Butorides virescens,Green Heron,Garcilla Verde (Martín Peña),Green Heron
,Bubulcus ibis,Western Cattle Egret,"Garcilla Bueyera (Garcilla Ganadera, Garza Vaquera, Garza de Ganado)",Western Cattle Egret
,Ardea herodias,Great Blue Heron,"Garzón Azulado (Garza Ceniza, Garzón)",Great Blue Heron
,Ardea alba,Great Egret,Garceta Grande (Garza Real),Great Egret
Threskiornithidae,,,,
,Eudocimus albus,White Ibis,Ibis Blanco (Coco),White Ibis
,Platalea ajaja,Roseate Spoonbill,"Espátula Rosada (Garza Morena o Rosada, Pato Cuchara o Rosado)",Roseate Spoonbill
Cathartidae,,,,
,Sarcoramphus papa,King Vulture,"Zopilote Rey (Rey Gallinazo, Rey de Zopilotes)",King Vulture
,Coragyps atratus,Black Vulture,"Zopilote Negro (Zoncho, Gallinazo)",Black Vulture
,Cathartes aura,Turkey Vulture,"Zopilote Cabecirrojo (Zonchite, Noneca)",Turkey Vulture
Pandionidae,,,,
,Pandion haliaetus,Osprey,Águila Pescadora (Gavilán Pescador),Osprey
Accipitridae,,,,
,Gampsonyx swainsonii,Pearl Kite,Elanio Enano,Pearl Kite
,Elanus leucurus,White-tailed Kite,"Elanio Coliblanco (Gavilán Bailarín, Gavilancillo Blanco)",White-tailed Kite
,Chondrohierax uncinatus,Hook-billed Kite,Gavilán Piquiganchudo,Hook-billed Kite
,Leptodon cayanensis,Gray-headed Kite,Gavilán Cabecigrís,Gray-headed Kite
,Rostrhamus sociabilis,Snail Kite,Elanio Caracolero (Gavilán Caracolero),Snail Kite
,Harpagus bidentatus,Double-toothed Kite,Gavilán Gorgirrayado,Double-toothed Kite
,Ictinia mississippiensis,Mississippi Kite,Elanio Colinegro,Mississippi Kite
,Accipiter striatus,Sharp-shinned Hawk,Gavilán Pajarero (Camaleón),Sharp-shinned Hawk
,Geranospiza caerulescens,Crane Hawk,Gavilán Ranero (Caracolero),Crane Hawk
,Buteogallus anthracinus,Common Black Hawk,Gavilán Cangrejero,Common Black Hawk
,Buteogallus urubitinga,Great Black Hawk,"Gavilán Negro Mayor (Aguilucho, Gavilán Silbero, Cangrejero)",Great Black Hawk
,Rupornis magnirostris,Roadside Hawk,Gavilán Chapulinero (Pata Podrida),Roadside Hawk
,Geranoaetus albicaudatus,White-tailed Hawk,Gavilán Coliblanco (Gavilán Sabanero),White-tailed Hawk
,Buteo plagiatus,Gray Hawk,Gavilán Gris (Gavilán Pollero),Gray Hawk
,Buteo platypterus,Broad-winged Hawk,Gavilán Aludo (Gavilán Pollero),Broad-winged Hawk
,Buteo brachyurus,Short-tailed Hawk,Gavilán Colicorto,Short-tailed Hawk
,Buteo swainsoni,Swainson's Hawk,Gavilán de Swainson,Swainson's Hawk
,Buteo albonotatus,Zone-tailed Hawk,Gavilán Colifajeado,Zone-tailed Hawk
Tytonidae,,,,
,Tyto alba,Barn Owl,"Lechuza Ratonera (Lechuza de Campanario, Cara de Gato, Búho)",Barn Owl
Strigidae,,,,
,Megascops cooperi,Pacific Screech-Owl,"Lechucita Sabanera (Ju de León, Estucurú o Sorococa)",Pacific Screech-Owl
,Pulsatrix perspicillata,Spectacled Owl,Búho de Anteojos (Oropopo),Spectacled Owl
,Glaucidium brasilianum,Ferruginous Pygmy-Owl,"Mochuelo Común (Cuatro Ojos, Majafierro)",Ferruginous Pygmy-Owl
,Strix virgata,Mottled Owl,Lechuza Café (Ju de León),Mottled Owl
Trogonidae,,,,
,Trogon melanocephalus,Black-headed Trogon,Trogón Cabecinegro (Viuda Amarilla),Black-headed Trogon
,Trogon caligatus,Gartered Trogon,Trogón Violáceo,Gartered Trogon
,Trogon elegans,Elegant Trogon,Trogón Elegante (Viuda Roja),Elegant Trogon
Momotidae,,,,
,Momotus lessonii,Lesson’s Motmot,"Momoto Coroniazul (Pájaro Bobo, Bobo Azul)",Lesson’s Motmot
,Eumomota superciliosa,Turquoise-browed Motmot,Momoto Cejiceleste (Pájaro Bobo),Turquoise-browed Motmot
Alcedinidae,,,,
,Megaceryle  torquata,Ringed Kingfisher,Martín Pescador Collarejo,Ringed Kingfisher
,Megaceryle alcyon,Belted Kingfisher,Martín Pescador Norteño,Belted Kingfisher
,Chloroceryle amazona,Amazon Kingfisher,Martín Pescador Amazónico,Amazon Kingfisher
,Chloroceryle aenea,American Pygmy Kingfisher,Martín Pescador Enano,American Pygmy Kingfisher
,Chloroceryle americana,Green Kingfisher,Martín Pescador Verde,Green Kingfisher
Bucconidae,,,,
,Notharchus hyperrhynchus,White-necked Puffbird,Buco Collarejo,White-necked Puffbird
Ramphastidae,,,,
,Pteroglossus torquatus,Collared Aracari,"Tucancillo Collarejo (Cusingo, Tití, Félix)",Collared Aracari
,Ramphastos sulfuratus,Keel-billed Toucan,"Tucán Pico Iris (Tucán Pico Arcoiris, Curré Negro)",Keel-billed Toucan
Picidae,,,,
,Sphyrapicus varius,Yellow-bellied Sapsucker,Carpintero Bebedor,Yellow-bellied Sapsucker
,Melanerpes hoffmannii,Hoffmann's Woodpecker,Carpintero de Hoffmann,Hoffmann's Woodpecker
,Campephilus guatemalensis,Pale-billed Woodpecker,"Carpintero Picoplata (Dos Golpes, Carpintero Chiricano)",Pale-billed Woodpecker
,Dryocopus lineatus,Lineated Woodpecker,Carpintero Lineado,Lineated Woodpecker
Falconidae,,,,
,Herpetotheres cachinnans,Laughing Falcon,Guaco,Laughing Falcon
,Micrastur semitorquatus,Collared Forest-Falcon,Halcón de Monte Collarejo,Collared Forest-Falcon
,Caracara plancus,Crested Caracara,"Caracara Cargahuesos (Cargahuesos, Querque, Quebrantahuesos)",Crested Caracara
,Milvago chimachima,Yellow-headed Caracara,Caracara Cabecigualdo,Yellow-headed Caracara
,Falco sparverius,American Kestrel,"Cernícalo Americano (Klis-Klis, Camaleón)",American Kestrel
,Falco columbarius,Merlin,Esmerejón,Merlin
,Falco rufigularis,Bat Falcon,Halcón Cuelliblanco,Bat Falcon
,Falco peregrinus,Peregrine Falcon,Halcón Peregrino,Peregrine Falcon
Psittacidae,,,,
,Brotogeris jugularis,Orange-chinned Parakeet,"Periquito Barbinaranja (Perico, Zapoyolito, Chimbolito, Catano)",Orange-chinned Parakeet
,Pyrilia haematotis,Brown-hooded Parrot,Loro Cabecipardo (Lora),Brown-hooded Parrot
,Amazona autumnalis,Red-lored Parrot,Loro Frentirrojo (Lora Jupa Roja),Red-lored Parrot
,Amazona auropalliata,Yellow-naped Parrot,Lora de Nuca Amarilla (Lora Jupa Amarilla),Yellow-naped Parrot
,Amazona albifrons,White-fronted Parrot,"Loro Frentiblanco (Cancan, Lora)",White-fronted Parrot
,Amazona farinosa,Mealy Parrot,"Loro Verde (Lora Cabeza Negra, Lora Jupa Gris)",Mealy Parrot
,Eupsittula canicularis,Orange-fronted Parakeet,"Perico Frentinaranja (Catano, Periquito, Zapoyol)",Orange-fronted Parakeet
Thamnophilidae,,,,
,Thamnophilus doliatus,Barred Antshrike,Batará Barreteado,Barred Antshrike
,Thamnophilus atrinucha,Black-crowned Antshrike,Batará Plomizo,Black-crowned Antshrike
,Thamnophilus atrinucha,Black-crowned Antshrike,Batará Plomizo,Black-crowned Antshrike
Furnariidae,,,,
,Sittasomus griseicapillus,Olivaceous Woodcreeper,Trepadorcito Aceitunado,Olivaceous Woodcreeper
,Dendrocincla homochroa,Ruddy Woodcreeper,Trepador Rojizo,Ruddy Woodcreeper
,Dendrocolaptes sanctithomae,Northern Barred-Woodcreeper,Trepador Barreteado,Northern Barred-Woodcreeper
,Xiphorhynchus flavigaster,Ivory-billed Woodcreeper,Trepador Piquiclaro,Ivory-billed Woodcreeper
,Lepidocolaptes souleyetii,Streak-headed Woodcreeper,Trepador Cabecirrayado,Streak-headed Woodcreeper
,Xenops minutus,Plain Xenops,Xenops Común,Plain Xenops
Pipridae,,,,
,Chiroxiphia linearis,Long-tailed Manakin,Saltarín Toledo (Toledo),Long-tailed Manakin
Tityridae,,,,
,Tityra semifasciata,Masked Tityra,"Tityra Carirroja (Pájaro Chancho, Calandria)",Masked Tityra
,Pachyramphus cinnamomeus,Cinnamon Becard,Cabezón Canelo,Cinnamon Becard
,Pachyramphus polychopterus,White-winged Becard,Cabezón Aliblanco,White-winged Becard
,Pachyramphus aglaiae,Rose-throated Becard,Cabezón Plomizo,Rose-throated Becard
Oxyruncidae,,,,
,Onychorhynchus coronatus,Tropical Royal Flycatcher,Mosquero Real,Tropical Royal Flycatcher
Tyrannidae,,,,
,Platyrinchus cancrominus,Stub-tailed Spadebill,Piquichato Norteño,Stub-tailed Spadebill
,Mionectes oleagineus,Ochre-bellied Flycatcher,Mosquerito Aceitunado (Tontillo),Ochre-bellied Flycatcher
,Oncostoma cinereigulare,Northern Bentbill,Piquitorcido Norteño (Brujita),Northern Bentbill
,Poecilotriccus sylvia,Slate-headed Tody-Flycatcher,Espatulilla Cabecigrís,Slate-headed Tody-Flycatcher
,Todirostrum cinereum,Common Tody-Flycatcher,"Espatulilla Común (Espatulilla, Mantequillilla)",Common Tody-Flycatcher
,Tolmomyias sulphurescens,Yellow-olive Flatbill,Piquiplano Azufrado,Yellow-olive Flatbill
,Camptostoma imberbe,Northern Beardless-Tyrannulet,Mosquerito Chillón,Northern Beardless-Tyrannulet
,Myiopagis viridicata,Greenish Elaenia,Elainia Verdosa (Tontillo),Greenish Elaenia
,Elaenia flavogaster,Yellow-bellied Elaenia,"Elainia Copetona (Tontillo, Bobillo, Copetoncillo)",Yellow-bellied Elaenia
,Zimmerius parvus,Mistletoe Tyrannulet,Mosquerito Cejigrís,Mistletoe Tyrannulet
,Contopus cooperi,Olive-sided Flycatcher,Pibí Boreal (Tontillo),Olive-sided Flycatcher
,Contopus lugubris,Dark Pewee,Pibí Sombrío (Tontillo),Dark Pewee
,Contopus sordidulus,Western Wood-Pewee,"Pibí Occidental (Tontillo, Piguí)",Western Wood-Pewee
,Contopus bogotensis,Northern Tropical Pewee,"Pibí Tropical (Tontillo, Piguí)",Northern Tropical Pewee
,Contopus virens,Eastern Wood-Pewee,"Pibí Oriental (Tontillo, Piguí)",Eastern Wood-Pewee
,Empidonax flaviventris,Yellow-bellied Flycatcher,Mosquerito Vientriamarillo,Yellow-bellied Flycatcher
,Empidonax virescens,Acadian Flycatcher,Mosquerito Verdoso,Acadian Flycatcher
,Empidonax alnorum,Alder Flycatcher,Mosquerito de Charral,Alder Flycatcher
,Empidonax traillii,Willow Flycatcher,Mosquerito de Traill,Willow Flycatcher
,Attila spadiceus,Bright-rumped Attila,Atila Lomiamarilla,Bright-rumped Attila
,Rhytipterna holerythra,Rufous Mourner,Plañidera Rojiza,Rufous Mourner
,Myiarchus tuberculifer,Dusky-capped Flycatcher,Copetón Crestioscuro (Tontillo),Dusky-capped Flycatcher
,Myiarchus nuttingi,Nutting's Flycatcher,Copetón de Nutting (Tontillo),Nutting's Flycatcher
,Myiarchus crinitus,Great Crested Flycatcher,Copetón Viajero (Tontillo),Great Crested Flycatcher
,Myiarchus tyrannulus,Brown-crested Flycatcher,Copetón Crestipardo (Tontillo),Brown-crested Flycatcher
,Pitangus sulphuratus,Great Kiskadee,"Bienteveo Grande (Cristo Fue, Pecho Amarillo)",Great Kiskadee
,Megarynchus pitangua,Boat-billed Flycatcher,Mosquerón Picudo (Pecho Amarillo),Boat-billed Flycatcher
,Myiozetetes similis,Social Flycatcher,Mosquero Cejiblanco (Pecho Amarillo),Social Flycatcher
,Myiodynastes maculatus,Streaked Flycatcher,Mosquero Listado (Pecho Amarillo),Streaked Flycatcher
,Myiodynastes luteiventris,Sulphur-bellied Flycatcher,Mosquero Vientriazufrado (Pecho Amarillo),Sulphur-bellied Flycatcher
,Legatus leucophaius,Piratic Flycatcher,Mosquero Pirata (Pecho Amarillo),Piratic Flycatcher
,Tyrannus melancholicus,Tropical Kingbird,Tirano Tropical (Pecho Amarillo),Tropical Kingbird
,Tyrannus verticalis,Western Kingbird,Tirano Occidental (Pecho Amarillo),Western Kingbird
,Tyrannus forficatus,Scissor-tailed Flycatcher,Tijereta Rosada (Tijerilla),Scissor-tailed Flycatcher
Vireonidae,,,,
,Cyclarhis gujanensis,Rufous-browed Peppershrike,Vireón Cejirrufo,Rufous-browed Peppershrike
,Pachysylvia decurtata,Lesser Greenlet,Verdillo Menudo,Lesser Greenlet
,Vireo pallens,Mangrove Vireo,Vireo de Manglar,Mangrove Vireo
,Vireo flavifrons,Yellow-throated Vireo,Vireo Pechiamarillo,Yellow-throated Vireo
,Vireo philadelphicus,Philadelphia Vireo,Vireo Amarillento,Philadelphia Vireo
,Vireo olivaceus,Red-eyed Vireo,Vireo Ojirrojo (Chiguisa),Red-eyed Vireo
,Vireo flavoviridis,Yellow-green Vireo,"Vireo Cabecigrís (Chiguisa, Chuesa, Cazadora, Fraile)",Yellow-green Vireo
Corvidae,,,,
,Calocitta formosa,White-throated Magpie-Jay,"Urraca Copetona (Urraca, Piapia Azul)",White-throated Magpie-Jay
Hirundinidae,,,,
,Riparia riparia,Bank Swallow,Golondrina Ribereña,Bank Swallow
,Tachycineta albilinea,Mangrove Swallow,Golondrina Lomiblanca,Mangrove Swallow
,Progne chalybea,Gray-breasted Martin,Martín Pechigrís,Gray-breasted Martin
,Stelgidopteryx serripennis,Northern Rough-winged Swallow,Golondrina Alirrasposa Norteña,Northern Rough-winged Swallow
,Stelgidopteryx ruficollis,Southern Rough-winged Swallow,Golondrina Alirrasposa Sureña,Southern Rough-winged Swallow
,Hirundo rustica,Barn Swallow,Golondrina Tijereta,Barn Swallow
Polioptilidae,,,,
,Ramphocaenus melanurus,Long-billed Gnatwren,Soterillo Picudo,Long-billed Gnatwren
,Polioptila bilineata,White-browed Gnatcatcher,"Perlita Frentiblanca (Espatulilla, Cazadora)",White-browed Gnatcatcher
,Polioptila albiloris,White-lored Gnatcatcher,"Perlita Cabecinegra (Espatulilla, Cazadora)",White-lored Gnatcatcher
Troglodytidae,,,,
,Troglodytes aedon,House Wren,"Soterrey Cucarachero (Soterrey, Soterré)",House Wren
,Troglodytes aedon,House Wren,"Soterrey Cucarachero (Soterrey, Soterré)",House Wren
,Campylorhynchus rufinucha,Rufous-naped Wren,"Soterrey Nuquirrufo (Chico Piojo, Botijón, Salta Piñuela)",Rufous-naped Wren
,Thryophilus pleurostictus,Banded Wren,Soterrey de Costillas Barreteadas,Banded Wren
,Thryophilus rufalbus,Rufous-and-white Wren,Soterrey Rufo y Blanco,Rufous-and-white Wren
,Cantorchilus modestus,Cabanis’s Wren,Soterrey Chinchirigüí (Huevos Blancos),Cabanis’s Wren
Turdidae,,,,
,Catharus aurantiirostris,Orange-billed Nightingale-Thrush,"Zorzal Piquianaranjado (Jilguerillo de Charral, Inglesito)",Orange-billed Nightingale-Thrush
,Catharus ustulatus,Swainson's Thrush,Zorzal de Swainson (Conchita),Swainson's Thrush
,Hylocichla mustelina,Wood Thrush,Zorzal del Bosque,Wood Thrush
,Turdus grayi,Clay-colored Thrush,Mirlo Pardo (Yigüirro),Clay-colored Thrush
Fringillidae,,,,
,Euphonia affinis,Scrub Euphonia,"Eufonia Gargantinegra (Finito, Agüío, Monjita Fina)",Scrub Euphonia
,Euphonia luteicapilla,Yellow-crowned Euphonia,"Eufonia Coroniamarilla (Monjita, Agüío)",Yellow-crowned Euphonia
,Euphonia hirundinacea,Yellow-throated Euphonia,"Eufonia Gorgiamarilla (Agüío, Caciquita)",Yellow-throated Euphonia
Passerellidae,,,,
,Peucaea ruficauda,Stripe-headed Sparrow,"Sabanero Cabecilistado (Pájaro Chicle, Albarda Nueva, Ratoncillo)",Stripe-headed Sparrow
,Peucaea botterii,Botteri's Sparrow,Sabanero Pechianteado,Botteri's Sparrow
,Arremonops rufivirgatus,Olive Sparrow,Pinzón Aceitunado (Timbón),Olive Sparrow
Icteridae,,,,
,Sturnella magna,Eastern Meadowlark,"Zacatero Común (Zacatera, Carmelo)",Eastern Meadowlark
,Leistes militaris,Red-breasted Meadowlark,Tordo Pechirrojo,Red-breasted Meadowlark
,Psarocolius montezuma,Montezuma Oropendola,Oropéndola de Moctezuma (Oropéndola),Montezuma Oropendola
,Cacicus uropygialis,Scarlet-rumped Cacique,"Cacique Lomiescarlata (Sargento, Plío)",Scarlet-rumped Cacique
,Icterus spurius,Orchard Oriole,Bolsero Castaño (Cacique Ahumado),Orchard Oriole
,Icterus pustulatus,Streak-backed Oriole,"Bolsero Dorsilistado (Chilchote, Chilto, Chorchín, Chorcha)",Streak-backed Oriole
,Icterus bullockii,Bullock's Oriole,Bolsero de Bullock,Bullock's Oriole
,Icterus pectoralis,Spot-breasted Oriole,"Bolsero Pechimanchado (Balsero, Chiltote)",Spot-breasted Oriole
,Icterus galbula,Baltimore Oriole,"Bolsero Norteño (Cacique Veranero, Cacicón, Naranjero)",Baltimore Oriole
,Dives dives,Melodious Blackbird,Tordo Cantor,Melodious Blackbird
,Quiscalus mexicanus,Great-tailed Grackle,"Zanate Grande (Sanate, Zanate)",Great-tailed Grackle
Parulidae,,,,
,Seiurus aurocapilla,Ovenbird,Reinita Hornera,Ovenbird
,Helmitheros vermivorum,Worm-eating Warbler,Reinita Gusanera,Worm-eating Warbler
,Parkesia noveboracensis,Northern Waterthrush,"Reinita Acuática Norteña (Menea Cola, Tordo de Agua)",Northern Waterthrush
,Vermivora chrysoptera,Golden-winged Warbler,Reinita Alidorada,Golden-winged Warbler
,Mniotilta varia,Black-and-white Warbler,Reinita Trepadora (Zebrita),Black-and-white Warbler
,Protonotaria citrea,Prothonotary Warbler,Reinita Cabecidorada,Prothonotary Warbler
,Leiothlypis peregrina,Tennessee Warbler,Reinita Verdilla (Cazadorcita),Tennessee Warbler
,Oporornis agilis,Connecticut Warbler,Reinita Ojianillada,Connecticut Warbler
,Geothlypis poliocephala,Gray-crowned Yellowthroat,Antifacito Coronigrís,Gray-crowned Yellowthroat
,Geothlypis philadelphia,Mourning Warbler,Reinita Enlutada,Mourning Warbler
,Geothlypis formosa,Kentucky Warbler,Reinita Cachetinegra,Kentucky Warbler
,Setophaga ruticilla,American Redstart,Candelita Norteña (Raya Roja),American Redstart
,Setophaga magnolia,Magnolia Warbler,Reinita Colifajeada,Magnolia Warbler
,Setophaga fusca,Blackburnian Warbler,Reinita Gorginaranja,Blackburnian Warbler
,Setophaga petechia,Yellow Warbler,Reinita Amarilla (Canarita),Yellow Warbler
,Setophaga pensylvanica,Chestnut-sided Warbler,Reinita de Costillas Castañas,Chestnut-sided Warbler
,Setophaga coronata,Yellow-rumped Warbler,Reinita Lomiamarilla,Yellow-rumped Warbler
,Setophaga virens,Black-throated Green Warbler,Reinita Cariamarilla,Black-throated Green Warbler
,Basileuterus delattrii,Chestnut-capped Warbler,Reinita Cabecicastaña,Chestnut-capped Warbler
,Cardellina canadensis,Canada Warbler,Reinita Pechirrayada,Canada Warbler
Cardinalidae,,,,
,Piranga rubra,Summer Tanager,"Tangara Veranera (Cardenal Veranero, Pan de Achiote, Sangre Toro)",Summer Tanager
,Piranga olivacea,Scarlet Tanager,Tangara Escarlata (Cardenal Alas Negras),Scarlet Tanager
,Piranga ludoviciana,Western Tanager,Tangara Carirroja,Western Tanager
,Habia fuscicauda,Red-throated Ant-Tanager,Tangara Hormiguera Gorgirroja,Red-throated Ant-Tanager
,Pheucticus ludovicianus,Rose-breasted Grosbeak,Picogrueso Pechirrosado (Calandria),Rose-breasted Grosbeak
,Passerina caerulea,Blue Grosbeak,Picogrueso Azul (Alondra),Blue Grosbeak
,Passerina cyanea,Indigo Bunting,Azulillo Norteño (Indris),Indigo Bunting
,Passerina ciris,Painted Bunting,"Azulillo Sietecolores (Arcoiris, Siete Colores)",Painted Bunting
,Spiza americana,Dickcissel,"Sabanero Arrocero (Arrocero, Pius)",Dickcissel
Thraupidae,,,,
,Eucometis  penicillata,Gray-headed Tanager,Tangara Cabecigrís,Gray-headed Tanager
,Thraupis episcopus,Blue-gray Tanager,"Tangara Azuleja (Viudita, Viuda)",Blue-gray Tanager
,Cyanerpes cyaneus,Red-legged Honeycreeper,"Mielero Patirrojo (Picudo, Mielero, Tucuso, Trepador)",Red-legged Honeycreeper
,Volatinia jacarina,Blue-black Grassquit,"Semillerito Negro Azulado (Brea, Pius, Piusillo Negro, Saltapalito)",Blue-black Grassquit
,Sporophila morelleti,Morelet's Seedeater,Espiguero Collarejo (Setillero Collarejo),Morelet's Seedeater